{
  "no_real_estate": {
    "pr": {
      "delta": -0.005801478604395525,
      "ci_low": -0.007475804932106816,
      "ci_high": -0.004252538619156361,
      "significant": true
    },
    "rap": {
      "delta": -0.038875407093879724,
      "ci_low": -0.11303811244398469,
      "ci_high": -0.008207821793289207,
      "significant": true
    },
    "roc": {
      "delta": -0.0003172744208865385,
      "ci_low": -0.00044449197109828754,
      "ci_high": -0.00019299622390501483,
      "significant": true
    }
  },
  "no_fintech": {
    "pr": {
      "delta": 0.000364162171508224,
      "ci_low": -0.001993104092567299,
      "ci_high": 0.002566365158093563,
      "significant": false
    },
    "rap": {
      "delta": 0.0007988758697020977,
      "ci_low": -0.029162118470079174,
      "ci_high": 0.0284058892530997,
      "significant": false
    },
    "roc": {
      "delta": 0.00039535740314880464,
      "ci_low": -0.0003545784349698766,
      "ci_high": 0.0010547396973533156,
      "significant": false
    }
  },
  "no_mobile_ads": {
    "pr": {
      "delta": -0.011131834344682524,
      "ci_low": -0.013366476916341168,
      "ci_high": -0.009094739395812797,
      "significant": true
    },
    "rap": {
      "delta": -0.03220950658418681,
      "ci_low": -0.11748127111415319,
      "ci_high": -0.0038918146944864752,
      "significant": true
    },
    "roc": {
      "delta": -0.0010802781540724725,
      "ci_low": -0.001321408740952823,
      "ci_high": -0.0008474911743381136,
      "significant": true
    }
  },
  "no_social": {
    "pr": {
      "delta": 0.0035042874178439734,
      "ci_low": -0.0009441025983280338,
      "ci_high": 0.007988718594988148,
      "significant": false
    },
    "rap": {
      "delta": -0.021076192744522614,
      "ci_low": -0.09587904153165165,
      "ci_high": 0.04502265685462147,
      "significant": false
    },
    "roc": {
      "delta": -0.002884591951568361,
      "ci_low": -0.003755278844798887,
      "ci_high": -0.0020272491116780427,
      "significant": true
    }
  }
}