{
  "baseline": {
    "metrics": {
      "PR": 0.7578902634129152,
      "ROC": 0.9603042468551969,
      "R@P": 0.20783975877665303
    },
    "coefs": [
      0.36760232783476876,
      0.11015995853632249,
      0.551895812191278,
      0.834668808931904
    ]
  },
  "Без external Diana M2-FE+ канала": {
    "metrics": {
      "PR": 0.7517653371706742,
      "ROC": 0.9600556089966942,
      "R@P": 0.17854835235838898
    },
    "dPR": -0.0061249262422410355,
    "dRaP": -0.029291406418264054,
    "coefs": [
      0.3825291348378113,
      0.5960710038891958,
      0.8790354024478274
    ]
  },
  "Без external Soni Fusion канала": {
    "metrics": {
      "PR": 0.7592027561803686,
      "ROC": 0.9605604175555378,
      "R@P": 0.21516261038121903
    },
    "dPR": 0.001312492767453377,
    "dRaP": 0.007322851604566,
    "coefs": [
      0.5448468042181822,
      0.2563077217562295,
      1.0725325804666894
    ]
  },
  "Без external Albina MMD-v4 канала": {
    "metrics": {
      "PR": 0.7610381604254228,
      "ROC": 0.9573363652544378,
      "R@P": 0.14301098427740686
    },
    "dPR": 0.0031478970125076167,
    "dRaP": -0.06482877449924618,
    "coefs": [
      0.49021808320228183,
      0.3831590439946738,
      0.9545888032519481
    ]
  },
  "Без CDSM-канала (что у нас есть)": {
    "metrics": {
      "PR": 0.7451635979449449,
      "ROC": 0.9580583664133779,
      "R@P": 0.17510230454447556
    },
    "dPR": -0.0127266654679703,
    "dRaP": -0.03273745423217747,
    "coefs": [
      0.17058535162430313,
      0.7551540706299621,
      0.9156348015187756
    ]
  }
}