{
  "baseline_v3_4ch": {
    "metrics": {
      "PR": 0.7578902634129152,
      "ROC": 0.9603042468551969,
      "R@P": 0.20783975877665303
    },
    "coefs": [
      0.36760232783476876,
      0.11015995853632249,
      0.551895812191278,
      0.834668808931904
    ]
  },
  "no_diana": {
    "metrics": {
      "PR": 0.7520530263334881,
      "ROC": 0.9599873587657749,
      "R@P": 0.17768684040491062
    },
    "coefs": [
      0.3906067877869028,
      0.5959291776790115,
      0.872339285600199
    ]
  },
  "no_soni": {
    "metrics": {
      "PR": 0.7582209512723637,
      "ROC": 0.9606935491686734,
      "R@P": 0.21537798836958863
    },
    "coefs": [
      0.5924716523854839,
      0.23210999805449925,
      1.0617720075284909
    ]
  },
  "no_karina": {
    "metrics": {
      "PR": 0.7466999724433273,
      "ROC": 0.9592216046342313,
      "R@P": 0.19211716562567305
    },
    "coefs": [
      0.19730414910323735,
      0.16639429240682832,
      0.6026879942578924,
      0.8979773045648355
    ]
  },
  "no_albina": {
    "metrics": {
      "PR": 0.7613827104423764,
      "ROC": 0.9574222208242992,
      "R@P": 0.13525737669610166
    },
    "coefs": [
      0.5060767425395549,
      0.3906657187229651,
      0.9326521273333771
    ]
  }
}