{
  "baseline_CDSM_v3_4ch": {
    "PR_mean": 0.7607882878668165,
    "PR_std": 0.002158229372993669,
    "RaP_mean": 0.2123196209347405,
    "RaP_std": 0.004992682904255272,
    "ROC_mean": 0.9606286000890216,
    "ROC_std": 0.00031086479072177343,
    "seeds_PR": [
      0.7587080727578389,
      0.7611259540564231,
      0.758962399922006,
      0.7604338479387182,
      0.7647111646590962
    ],
    "seeds_RaP": [
      0.2082705147533922,
      0.21473185440447987,
      0.20762438078828344,
      0.20999353866034892,
      0.22097781606719794
    ]
  },
  "drop_diana_ext": {
    "PR_mean": 0.754173517059604,
    "PR_std": 0.0013902614836720489,
    "RaP_mean": 0.18350204609088952,
    "RaP_std": 0.0030489491051796536,
    "ROC_mean": 0.9603630995604829,
    "ROC_std": 0.00023705735215659516,
    "seeds_PR": [
      0.7533717210810049,
      0.7566591871540688,
      0.7533976732721062,
      0.7546756685215574,
      0.7527633352692823
    ],
    "seeds_RaP": [
      0.1817790221839328,
      0.17833297437001938,
      0.18500969200947665,
      0.18608658195132458,
      0.18630195993969417
    ]
  },
  "drop_soni_ext": {
    "PR_mean": 0.7615560724021684,
    "PR_std": 0.001741639635971103,
    "RaP_mean": 0.2171871634718932,
    "RaP_std": 0.004469495452477345,
    "ROC_mean": 0.9606885187284814,
    "ROC_std": 8.103390577586425e-05,
    "seeds_PR": [
      0.7600859065065646,
      0.763047916781226,
      0.7597112771747828,
      0.7607773040403312,
      0.7641579575079374
    ],
    "seeds_RaP": [
      0.21731639026491492,
      0.22399310790437219,
      0.21128580659056645,
      0.2136549644626319,
      0.2196855481369804
    ]
  },
  "drop_albina_ext": {
    "PR_mean": 0.762005512945297,
    "PR_std": 0.0006270290332853745,
    "RaP_mean": 0.1611027353004523,
    "RaP_std": 0.010656314345770388,
    "ROC_mean": 0.9578605709310875,
    "ROC_std": 0.0002888918175102587,
    "seeds_PR": [
      0.7609766011205262,
      0.7622464625156208,
      0.7626687849510216,
      0.7625158576353279,
      0.7616198585039886
    ],
    "seeds_RaP": [
      0.14344174025414602,
      0.1589489554167564,
      0.16799483092827913,
      0.15981046737023477,
      0.17531768253284513
    ]
  },
  "drop_cdsm": {
    "PR_mean": 0.7453230260031068,
    "PR_std": 0.003957333558413947,
    "RaP_mean": 0.16782252853758345,
    "RaP_std": 0.01855023494457041,
    "ROC_mean": 0.9578481150035698,
    "ROC_std": 0.00032852549604390455,
    "seeds_PR": [
      0.7455658702756807,
      0.7450891554995958,
      0.7388192822972753,
      0.7458502018570394,
      0.7512906200859428
    ],
    "seeds_RaP": [
      0.1763945724746931,
      0.16541029506784408,
      0.1343958647426233,
      0.17273314667241008,
      0.19017876373034676
    ]
  }
}