{
  "LODO precision   −  B0": {
    "pr": {
      "delta": -0.0019396995614939965,
      "ci_low": -0.005685158734488813,
      "ci_high": 0.0016747011935958614,
      "significant": false
    },
    "rap": {
      "delta": 0.06295984725381507,
      "ci_low": -0.008120159523138173,
      "ci_high": 0.11931363142002961,
      "significant": false
    },
    "roc": {
      "delta": 0.0010554215960030798,
      "ci_low": 0.0005500186645148702,
      "ci_high": 0.0015609100104132688,
      "significant": true
    }
  },
  "CDSM v3 4-ch     −  B0": {
    "pr": {
      "delta": 0.008382439796917792,
      "ci_low": 0.0041901045836724386,
      "ci_high": 0.012553249303478287,
      "significant": true
    },
    "rap": {
      "delta": 0.08639440129311705,
      "ci_low": 0.008497598403094006,
      "ci_high": 0.1271386039144943,
      "significant": true
    },
    "roc": {
      "delta": 0.003217437472995461,
      "ci_low": 0.0024742519054181565,
      "ci_high": 0.004062141382111102,
      "significant": true
    }
  },
  "CDSM v3 4-ch     −  LODO": {
    "pr": {
      "delta": 0.010322139358411789,
      "ci_low": 0.008101078269219686,
      "ci_high": 0.012758900823702304,
      "significant": true
    },
    "rap": {
      "delta": 0.023434554039301985,
      "ci_low": -0.011662211737990792,
      "ci_high": 0.07303527079803966,
      "significant": false
    },
    "roc": {
      "delta": 0.0021620158769923817,
      "ci_low": 0.0016202636667548259,
      "ci_high": 0.0027879861987798057,
      "significant": true
    }
  }
}