{
  "LODO precision  −  B0": {
    "pr": {
      "delta": -0.0019396995614939965,
      "ci_low": -0.005685158734488813,
      "ci_high": 0.0016747011935958614,
      "significant": false
    },
    "rap": {
      "delta": 0.06295984725381507,
      "ci_low": -0.008120159523138173,
      "ci_high": 0.11931363142002961,
      "significant": false
    },
    "roc": {
      "delta": 0.0010554215960030798,
      "ci_low": 0.0005500186645148702,
      "ci_high": 0.0015609100104132688,
      "significant": true
    }
  },
  "CDSM v2 4-ch    −  B0": {
    "pr": {
      "delta": -0.002155360437941721,
      "ci_low": -0.006008177628205924,
      "ci_high": 0.0017230622693773037,
      "significant": false
    },
    "rap": {
      "delta": 0.06968927189832931,
      "ci_low": -0.006892524350334269,
      "ci_high": 0.12243384642812428,
      "significant": false
    },
    "roc": {
      "delta": 0.0016100599511869522,
      "ci_low": 0.0009339754337132189,
      "ci_high": 0.002300206748269184,
      "significant": true
    }
  },
  "CDSM v2 4-ch    −  LODO": {
    "pr": {
      "delta": -0.00021566087644772435,
      "ci_low": -0.0010975919838457971,
      "ci_high": 0.0006685797319153667,
      "significant": false
    },
    "rap": {
      "delta": 0.006729424644514253,
      "ci_low": -0.009777134236538119,
      "ci_high": 0.03795386213301813,
      "significant": false
    },
    "roc": {
      "delta": 0.0005546383551838725,
      "ci_low": 0.0001519711536802387,
      "ci_high": 0.0010312115890206044,
      "significant": true
    }
  }
}