{
  "n_test": 58410,
  "n_positives": 4643,
  "positive_rate": 0.07948981338811847,
  "seed": 42,
  "bootstrap_B": 1000,
  "diana_source": "M2-FE+ standalone (npy_files/test_proba_diana_team.npy, 2026-05-11 17:33)",
  "per_model_metrics": {
    "fusion (Sonya, fintech)": {
      "roc": 0.9522044610278503,
      "pr": 0.7283718879869715,
      "r_at_p90": 0.10768899418479431
    },
    "karina (mobile/ads)": {
      "roc": 0.9407216100360062,
      "pr": 0.6562435802853975,
      "r_at_p90": 0.06655179840620289
    },
    "diana (real estate, M2-FE+)": {
      "roc": 0.9483987195154293,
      "pr": 0.737546632759157,
      "r_at_p90": 0.11544260176609951
    },
    "albina": {
      "roc": 0.9545313200201533,
      "pr": 0.7084354634784918,
      "r_at_p90": 0.027568382511307346
    }
  },
  "correlations": {
    "fusion": {
      "fusion": {
        "pearson": 0.9999999999999998,
        "spearman": 1.0
      },
      "karina": {
        "pearson": 0.8573651283701881,
        "spearman": 0.7586449134926344
      },
      "diana": {
        "pearson": 0.9085522950712931,
        "spearman": 0.7913055653979885
      },
      "albina": {
        "pearson": 0.9256362756027569,
        "spearman": 0.759148211106385
      }
    },
    "karina": {
      "fusion": {
        "pearson": 0.8573651283701881,
        "spearman": 0.7586449134926343
      },
      "karina": {
        "pearson": 0.9999999999999997,
        "spearman": 1.0
      },
      "diana": {
        "pearson": 0.881384872359443,
        "spearman": 0.8290437292866505
      },
      "albina": {
        "pearson": 0.8462546247633078,
        "spearman": 0.7100766392177401
      }
    },
    "diana": {
      "fusion": {
        "pearson": 0.9085522950712931,
        "spearman": 0.7913055653979885
      },
      "karina": {
        "pearson": 0.881384872359443,
        "spearman": 0.8290437292866505
      },
      "diana": {
        "pearson": 1.0,
        "spearman": 1.0
      },
      "albina": {
        "pearson": 0.910738091484012,
        "spearman": 0.7847145762536324
      }
    },
    "albina": {
      "fusion": {
        "pearson": 0.9256362756027569,
        "spearman": 0.759148211106385
      },
      "karina": {
        "pearson": 0.8462546247633078,
        "spearman": 0.7100766392177401
      },
      "diana": {
        "pearson": 0.910738091484012,
        "spearman": 0.7847145762536324
      },
      "albina": {
        "pearson": 0.9999999999999998,
        "spearman": 1.0
      }
    }
  },
  "topk_overlap": {
    "top_500": {
      "K": 500,
      "per_model_caught": {
        "fusion": 452,
        "karina": 421,
        "diana": 455,
        "albina": 435
      },
      "union": 920,
      "union_recall": 0.19814774930002155,
      "union_gain_over_fusion_pct": 103.53982300884957,
      "marginal_unique": {
        "fusion": 124,
        "karina": 94,
        "diana": 99,
        "albina": 133
      }
    },
    "top_1000": {
      "K": 1000,
      "per_model_caught": {
        "fusion": 871,
        "karina": 816,
        "diana": 873,
        "albina": 845
      },
      "union": 1574,
      "union_recall": 0.3390049536937325,
      "union_gain_over_fusion_pct": 80.71182548794489,
      "marginal_unique": {
        "fusion": 145,
        "karina": 194,
        "diana": 154,
        "albina": 130
      }
    },
    "top_2000": {
      "K": 2000,
      "per_model_caught": {
        "fusion": 1628,
        "karina": 1508,
        "diana": 1691,
        "albina": 1565
      },
      "union": 2456,
      "union_recall": 0.5289683394357096,
      "union_gain_over_fusion_pct": 50.85995085995086,
      "marginal_unique": {
        "fusion": 69,
        "karina": 274,
        "diana": 152,
        "albina": 125
      }
    },
    "top_4643": {
      "K": 4643,
      "per_model_caught": {
        "fusion": 3346,
        "karina": 3038,
        "diana": 3325,
        "albina": 3311
      },
      "union": 3888,
      "union_recall": 0.8373896187809606,
      "union_gain_over_fusion_pct": 16.198445905558877,
      "marginal_unique": {
        "fusion": 76,
        "karina": 141,
        "diana": 33,
        "albina": 83
      }
    }
  },
  "blend_metrics": {
    "fusion_alone": {
      "roc": 0.9522044610278503,
      "pr": 0.7283718879869715,
      "r_at_p90": 0.10768899418479431
    },
    "karina_alone": {
      "roc": 0.9407216100360062,
      "pr": 0.6562435802853975,
      "r_at_p90": 0.06655179840620289
    },
    "diana_alone": {
      "roc": 0.9483987195154293,
      "pr": 0.737546632759157,
      "r_at_p90": 0.11544260176609951
    },
    "albina_alone": {
      "roc": 0.9545313200201533,
      "pr": 0.7084354634784918,
      "r_at_p90": 0.027568382511307346
    },
    "blend_07f_03k": {
      "roc": 0.9534901314624509,
      "pr": 0.734361510466,
      "r_at_p90": 0.07279776006892096
    },
    "blend_06f_02k_02d": {
      "roc": 0.9540834754482092,
      "pr": 0.7431197379969607,
      "r_at_p90": 0.08787421925479216
    },
    "uniform_3way_fkd": {
      "roc": 0.9535927351374577,
      "pr": 0.7387763133900676,
      "r_at_p90": 0.07172087012707301
    },
    "uniform_4way": {
      "roc": 0.9573657375292481,
      "pr": 0.7455605374855917,
      "r_at_p90": 0.11522722377772991
    },
    "fusion_heavy_4way": {
      "roc": 0.9568869203792157,
      "pr": 0.7466703785849564,
      "r_at_p90": 0.12039629549860004
    },
    "fusion_diana_heavy_4way": {
      "roc": 0.9570543533614887,
      "pr": 0.74944562251645,
      "r_at_p90": 0.11759638164979538
    },
    "rank_avg_4way": {
      "roc": 0.9563849038388577,
      "pr": 0.7452914568976055,
      "r_at_p90": 0.1365496446263192
    },
    "pair_fusion_albina": {
      "roc": 0.9573721387423606,
      "pr": 0.7354460451420907,
      "r_at_p90": 0.12061167348696963
    },
    "triple_fkd": {
      "roc": 0.9535927351374577,
      "pr": 0.7387763133900676,
      "r_at_p90": 0.07172087012707301
    },
    "triple_fka": {
      "roc": 0.9573365915801832,
      "pr": 0.7378768894353027,
      "r_at_p90": 0.11242730992892526
    },
    "triple_fda": {
      "roc": 0.9579857919587071,
      "pr": 0.7546261607524557,
      "r_at_p90": 0.19190178763730348
    },
    "triple_kda": {
      "roc": 0.9573143315418442,
      "pr": 0.7402189483772029,
      "r_at_p90": 0.11156579797544691
    },
    "grid_best_pr": {
      "roc": 0.9575470224482813,
      "pr": 0.7555711488791231,
      "r_at_p90": 0.17316390264914927
    },
    "grid_best_rp": {
      "roc": 0.9571283759003524,
      "pr": 0.749528259206818,
      "r_at_p90": 0.21817790221839328
    }
  },
  "best_blend_by_pr": "grid_best_pr",
  "grid_best_pr_weights": {
    "fusion": 0.25,
    "karina": 0.0,
    "diana": 0.5,
    "albina": 0.25
  },
  "grid_best_rp_weights": {
    "fusion": 0.550000011920929,
    "karina": 0.0,
    "diana": 0.15000000596046448,
    "albina": 0.30000001192092896
  },
  "bootstrap_best_vs_each_single": {
    "fusion": {
      "roc": {
        "mean": 0.005356903160940605,
        "lo": 0.00431748112612694,
        "hi": 0.006413978898505603,
        "significant": true
      },
      "pr": {
        "mean": 0.02714544036712694,
        "lo": 0.020868326905205615,
        "hi": 0.03360107856128939,
        "significant": true
      },
      "r_at_p90": {
        "mean": 0.07039089326013112,
        "lo": 0.01725840014882632,
        "hi": 0.14138114708104207,
        "significant": true
      }
    },
    "karina": {
      "roc": {
        "mean": 0.01683826843138182,
        "lo": 0.015010997059273275,
        "hi": 0.01871206141045738,
        "significant": true
      },
      "pr": {
        "mean": 0.09921643620650525,
        "lo": 0.09064640289743824,
        "hi": 0.10782928725551984,
        "significant": true
      },
      "r_at_p90": {
        "mean": 0.11807073057281116,
        "lo": 0.08023924032746406,
        "hi": 0.19409719979772821,
        "significant": true
      }
    },