{
  "singletons": {
    "diana_old": {
      "roc": 0.9561224020262988,
      "pr": 0.7175403432222258,
      "r_at_p90": 0.009907387465001078
    },
    "diana_new_m2_fe_plus": {
      "roc": 0.9483987195154293,
      "pr": 0.737546632759157,
      "r_at_p90": 0.11544260176609951
    }
  },
  "blends": {
    "sonya_old_with_diana_old": {
      "roc": 0.9598564423409068,
      "pr": 0.745860470576097,
      "r_at_p90": 0.10165841051044583
    },
    "sonya_weights_with_diana_new": {
      "roc": 0.9570543533614887,
      "pr": 0.74944562251645,
      "r_at_p90": 0.11759638164979538
    },
    "grid_best_diana_new": {
      "roc": 0.9575470224482813,
      "pr": 0.7555711488791231,
      "r_at_p90": 0.17316390264914927
    }
  },
  "bootstrap_pairs": {
    "new_same_w_vs_old": {
      "roc": {
        "mean": -0.0028052945477477632,
        "lo": -0.0034233046818673203,
        "hi": -0.002227577882659279,
        "significant": true
      },
      "pr": {
        "mean": 0.0035425568521590747,
        "lo": 0.0005265322365720221,
        "hi": 0.006772306991342683,
        "significant": true
      },
      "r_at_p90": {
        "mean": 0.016501028920447622,
        "lo": -0.013959352985951802,
        "hi": 0.05986273097007146,
        "significant": false
      }
    },
    "grid_best_vs_old": {
      "roc": {
        "mean": -0.0023050323576914505,
        "lo": -0.0028929341132797022,
        "hi": -0.0016995218082476837,
        "significant": true
      },
      "pr": {
        "mean": 0.009660063410538444,
        "lo": 0.005520303271393731,
        "hi": 0.013940540880655198,
        "significant": true
      },
      "r_at_p90": {
        "mean": 0.07378839957848586,
        "lo": 0.03219326525477359,
        "hi": 0.1337750898156826,
        "significant": true
      }
    },
    "grid_best_vs_new_same_w": {
      "roc": {
        "mean": 0.0005002621900563125,
        "lo": 0.0001726238246712669,
        "hi": 0.0008133101013697852,
        "significant": true
      },
      "pr": {
        "mean": 0.006117506558379367,
        "lo": 0.0038285516961510863,
        "hi": 0.008496626331554215,
        "significant": true
      },
      "r_at_p90": {
        "mean": 0.05728737065803824,
        "lo": 0.03019758412424502,
        "hi": 0.1110117158515694,
        "significant": true
      }
    }
  }
}