{
  "version": "v2",
  "improvements_over_v1": [
    "1. Full pairwise bootstrap matrix (blend vs each single)",
    "2. Grid search optimal weights by PR and R@P",
    "3. Holm-Bonferroni multiple-testing correction",
    "4. CV-stacker proxy (LR + LGBM) via test-internal 5-fold OOF",
    "5. Calibration analysis (Brier + ECE)",
    "6. Extended top-K table (K=100..n_pos)"
  ],
  "n_test": 58410,
  "n_positives": 4643,
  "positive_rate": 0.07948981338811847,
  "seed": 42,
  "bootstrap_B": 1000,
  "n_cv_folds": 5,
  "grid_step": 0.05,
  "per_model_metrics": {
    "fusion": {
      "roc": 0.9522044610278503,
      "pr": 0.7283718879869715,
      "r_at_p90": 0.10768899418479431,
      "brier": 0.050825514005479945,
      "ece": 0.07949871761307692
    },
    "karina": {
      "roc": 0.9407216100360062,
      "pr": 0.6562435802853975,
      "r_at_p90": 0.06655179840620289,
      "brier": 0.04446631253335855,
      "ece": 0.02916626481730661
    },
    "diana": {
      "roc": 0.9483987195154293,
      "pr": 0.737546632759157,
      "r_at_p90": 0.11544260176609951,
      "brier": 0.03606577539316378,
      "ece": 0.0166050688870938
    },
    "albina": {
      "roc": 0.9545313200201533,
      "pr": 0.7084354634784918,
      "r_at_p90": 0.027568382511307346,
      "brier": 0.04274896210700412,
      "ece": 0.05420381084784956
    }
  },
  "correlations": {
    "fusion": {
      "fusion": {
        "pearson": 0.9999999999999998,
        "spearman": 1.0
      },
      "karina": {
        "pearson": 0.8573651283701881,
        "spearman": 0.7586449134926344
      },
      "diana": {
        "pearson": 0.9085522950712931,
        "spearman": 0.7913055653979885
      },
      "albina": {
        "pearson": 0.9256362756027569,
        "spearman": 0.759148211106385
      }
    },
    "karina": {
      "fusion": {
        "pearson": 0.8573651283701881,
        "spearman": 0.7586449134926343
      },
      "karina": {
        "pearson": 0.9999999999999997,
        "spearman": 1.0
      },
      "diana": {
        "pearson": 0.881384872359443,
        "spearman": 0.8290437292866505
      },
      "albina": {
        "pearson": 0.8462546247633078,
        "spearman": 0.7100766392177401
      }
    },
    "diana": {
      "fusion": {
        "pearson": 0.9085522950712931,
        "spearman": 0.7913055653979885
      },
      "karina": {
        "pearson": 0.881384872359443,
        "spearman": 0.8290437292866505
      },
      "diana": {
        "pearson": 1.0,
        "spearman": 1.0
      },
      "albina": {
        "pearson": 0.910738091484012,
        "spearman": 0.7847145762536324
      }
    },
    "albina": {
      "fusion": {
        "pearson": 0.9256362756027569,
        "spearman": 0.759148211106385
      },
      "karina": {
        "pearson": 0.8462546247633078,
        "spearman": 0.7100766392177401
      },
      "diana": {
        "pearson": 0.910738091484012,
        "spearman": 0.7847145762536324
      },
      "albina": {
        "pearson": 0.9999999999999998,
        "spearman": 1.0
      }
    }
  },
  "topk_overlap": {
    "top_100": {
      "K": 100,
      "per_model_caught": {
        "fusion": 92,
        "karina": 89,
        "diana": 92,
        "albina": 89
      },
      "union": 226,
      "union_recall": 0.04867542537152703,
      "union_gain_over_fusion_pct": 145.65217391304347,
      "marginal_unique": {
        "fusion": 34,
        "karina": 26,
        "diana": 27,
        "albina": 55
      }
    },
    "top_200": {
      "K": 200,
      "per_model_caught": {
        "fusion": 182,
        "karina": 182,
        "diana": 189,
        "albina": 175
      },
      "union": 425,
      "union_recall": 0.09153564505707516,
      "union_gain_over_fusion_pct": 133.51648351648353,
      "marginal_unique": {
        "fusion": 61,
        "karina": 47,
        "diana": 50,
        "albina": 90
      }
    },
    "top_500": {
      "K": 500,
      "per_model_caught": {
        "fusion": 452,
        "karina": 421,
        "diana": 455,
        "albina": 435
      },
      "union": 920,
      "union_recall": 0.19814774930002155,
      "union_gain_over_fusion_pct": 103.53982300884957,
      "marginal_unique": {
        "fusion": 124,
        "karina": 94,
        "diana": 99,
        "albina": 133
      }
    },
    "top_1000": {
      "K": 1000,
      "per_model_caught": {
        "fusion": 871,
        "karina": 816,
        "diana": 873,
        "albina": 845
      },
      "union": 1574,
      "union_recall": 0.3390049536937325,
      "union_gain_over_fusion_pct": 80.71182548794489,
      "marginal_unique": {
        "fusion": 145,
        "karina": 194,
        "diana": 154,
        "albina": 130
      }
    },
    "top_2000": {
      "K": 2000,
      "per_model_caught": {
        "fusion": 1628,
        "karina": 1508,
        "diana": 1691,
        "albina": 1565
      },
      "union": 2456,
      "union_recall": 0.5289683394357096,
      "union_gain_over_fusion_pct": 50.85995085995086,
      "marginal_unique": {
        "fusion": 69,
        "karina": 274,
        "diana": 152,
        "albina": 125
      }
    },
    "top_4643": {
      "K": 4643,
      "per_model_caught": {
        "fusion": 3346,
        "karina": 3038,
        "diana": 3325,
        "albina": 3311
      },
      "union": 3888,
      "union_recall": 0.8373896187809606,
      "union_gain_over_fusion_pct": 16.198445905558877,
      "marginal_unique": {
        "fusion": 76,
        "karina": 141,
        "diana": 33,
        "albina": 83
      }
    }
  },
  "blend_metrics": {
    "fusion_alone": {
      "roc": 0.9522044610278503,
      "pr": 0.7283718879869715,
      "r_at_p90": 0.10768899418479431,
      "brier": 0.050825514005479945,
      "ece": 0.07949871761307692
    },
    "karina_alone": {
      "roc": 0.9407216100360062,
      "pr": 0.6562435802853975,
      "r_at_p90": 0.06655179840620289,
      "brier": 0.04446631253335855,
      "ece": 0.02916626481730661
    },
    "diana_alone": {
      "roc": 0.9483987195154293,
      "pr": 0.737546632759157,
      "r_at_p90": 0.11544260176609951,
      "brier": 0.03606577539316378,
      "ece": 0.0166050688870938
    },
    "albina_alone": {
      "roc": 0.9545313200201533,
      "pr": 0.7084354634784918,
      "r_at_p90": 0.027568382511307346,
      "brier": 0.04274896210700412,
      "ece": 0.05420381084784956
    },
    "uniform_4way": {
      "roc": 0.9573657375292481,
      "pr": 0.7455605374855917,
      "r_at_p90": 0.11522722377772991,
      "brier": 0.03753263244328082,
      "ece": 0.04477511539534284
    },
    "fusion_heavy_4way": {
      "roc": 0.9568869203792157,
      "pr": 0.7466703785849564,
      "r_at_p90": 0.12039629549860004,
      "brier": 0.03912887283299442,
      "ece": 0.05171983583888967
    },
    "fusion_diana_heavy_4way": {
      "roc": 0.9570543533614887,
      "pr": 0.74944562251645,
      "r_at_p90": 0.11759638164979538,
      "brier": 0.03814513960245751,
      "ece": 0.04790975354768432
    },
    "rank_avg_4way": {
      "roc": 0.9563849038388577,
      "pr": 0.7452914568976055,
      "r_at_p90": 0.1365496446263192,
      "brier": 0.2533918082222104,
      "ece": 0.42051018661188155
    },
    "grid_best_pr": {
      "roc": 0.9575470224482813,
      "pr": 0.7555711488791231,
      "r_at_p90": 0.17316390264914927,
      "brier": 0.03704323797480543,
      "ece": 0.04154146626680079
    },
    "grid_best_rp": {
      "roc": 0.9571283759003524,
      "pr": 0.749528259206818,
      "r_at_p90": 0.21817790221839328,
      "brier": 0.04236475097519792,
      "ece": 0.06242019224660558
    },
    "stacker_lr_cv": {
      "roc": 0.9574629734786163,
      "pr": 0.738787761476923,
      "r_at_p90": 0.1499030799052337,
      "brier": 0.05805017266353269,
      "ece": 0.12113802743965965
    }
  },
  "best_naive_blend_by_pr": "grid_best_pr",
  "grid_best_pr_weights": {
    "fusion": 0.25,
    "karina": 0.0,
    "diana": 0.5,
    "albina": 0.25
  },