{
  "top20_clip_dim_indices": [
    210,
    166,
    423,
    7,
    329,
    142,
    98,
    376,
    251,
    302,
    194,
    339,
    317,
    242,
    213,
    6,
    485,
    463,
    313,
    191
  ],
  "top20_coefs": [
    0.4876970179766273,
    0.47012128233408634,
    0.4191240670472908,
    0.40512909346196735,
    -0.37711974019452343,
    0.37262552947471006,
    -0.37105869264944813,
    -0.35422559652124197,
    -0.3527089384005956,
    0.34248016915206286,
    -0.3310559185227056,
    -0.3292638830723492,
    0.3179912265435287,
    -0.3149307832571357,
    0.3146165039019668,
    -0.3133005026060062,
    -0.3076297959384654,
    0.30349155843065395,
    -0.3022405517037992,
    0.29808325574101596
  ],
  "intercept": -1.567095214997472,
  "C": 0.5,
  "class_weight": "balanced",
  "metrics_test": {
    "PR": 0.3756449219895491,
    "ROC": 0.8837831418652912,
    "RaP": 0.0
  }
}