{
  "M2-FE+ INDIV": {
    "ROC": {
      "mean": 0.9659542066629088,
      "ci_lo": 0.9618158469433067,
      "ci_hi": 0.9695239352820858
    },
    "PR-AUC": {
      "mean": 0.7400949978319534,
      "ci_lo": 0.7177641926577626,
      "ci_hi": 0.76199951469853
    },
    "R@P09": {
      "mean": 0.2045191258389089,
      "ci_lo": 0.07747658245813228,
      "ci_hi": 0.3421461245048478
    }
  },
  "M2 baseline INDIV": {
    "ROC": {
      "mean": 0.9507057680110514,
      "ci_lo": 0.9460822441673632,
      "ci_hi": 0.9550653917326537
    },
    "PR-AUC": {
      "mean": 0.6527705130787937,
      "ci_lo": 0.6300792086170459,
      "ci_hi": 0.6745325709747413
    },
    "R@P09": {
      "mean": 0.2212976862767905,
      "ci_lo": 0.17221856501326802,
      "ci_hi": 0.2552011722114842
    }
  },
  "M2-FE+ + M2 (50/50) INDIV": {
    "ROC": {
      "mean": 0.9643436352788233,
      "ci_lo": 0.9603004236372285,
      "ci_hi": 0.967953633631933
    },
    "PR-AUC": {
      "mean": 0.7246708709762857,
      "ci_lo": 0.7035090010098958,
      "ci_hi": 0.7453718440460517
    },
    "R@P09": {
      "mean": 0.2682789383271434,
      "ci_lo": 0.19429622905854727,
      "ci_hi": 0.3133359468787515
    }
  },
  "M2 без CLIP INDIV": {
    "ROC": {
      "mean": 0.9393884303275588,
      "ci_lo": 0.9340252523596216,
      "ci_hi": 0.944253824112126
    },
    "PR-AUC": {
      "mean": 0.5783234669188021,
      "ci_lo": 0.553256043211569,
      "ci_hi": 0.6038001855625762
    },
    "R@P09": {
      "mean": 0.10875429516002906,
      "ci_lo": 0.03914193859147987,
      "ci_hi": 0.1495560827250608
    }
  },
  "M2 без K-means INDIV": {
    "ROC": {
      "mean": 0.9507057680110514,
      "ci_lo": 0.9460822441673632,
      "ci_hi": 0.9550653917326537
    },
    "PR-AUC": {
      "mean": 0.6527705130787937,
      "ci_lo": 0.6300792086170459,
      "ci_hi": 0.6745325709747413
    },
    "R@P09": {
      "mean": 0.2212976862767905,
      "ci_lo": 0.17221856501326802,
      "ci_hi": 0.2552011722114842
    }
  },
  "M2 без TF-IDF SVD INDIV": {
    "ROC": {
      "mean": 0.947838028115284,
      "ci_lo": 0.9429829889914206,
      "ci_hi": 0.952604664013345
    },
    "PR-AUC": {
      "mean": 0.6458802387783701,
      "ci_lo": 0.6229477151200029,
      "ci_hi": 0.6693957691030525
    },
    "R@P09": {
      "mean": 0.19544294636861964,
      "ci_lo": 0.12936584381077312,
      "ci_hi": 0.2492416876142596
    }
  },
  "M2 full ablation INDIV": {
    "ROC": {
      "mean": 0.9499727964957496,
      "ci_lo": 0.9451148648984682,
      "ci_hi": 0.9542752303612096
    },
    "PR-AUC": {
      "mean": 0.6476696291572193,
      "ci_lo": 0.6241019100452982,
      "ci_hi": 0.6699957876613405
    },
    "R@P09": {
      "mean": 0.19605297240269237,
      "ci_lo": 0.13647360703812317,
      "ci_hi": 0.24416550951164478
    }
  },
  "_grid": {
    "best_pr": {
      "w": 0.9,
      "ROC": 0.9664884902312797,
      "PR": 0.7422436480556367,
      "RAP09": 0.24954015941140403
    },
    "best_r9": {
      "w": 0.45,
      "ROC": 0.9638288529040415,
      "PR": 0.7201539089092833,
      "RAP09": 0.272838749233599
    },
    "all": [
      {
        "w": 0.0,
        "ROC": 0.950839187971472,
        "PR": 0.6527005505875405,
        "RAP09": 0.23298589822194973
      },
      {
        "w": 0.05,
        "ROC": 0.9538107234368448,
        "PR": 0.6644473611025744,
        "RAP09": 0.2305334150827713
      },
      {
        "w": 0.1,
        "ROC": 0.9558976082330979,
        "PR": 0.6741961062133391,
        "RAP09": 0.2317596566523605
      },
      {
        "w": 0.15000000000000002,
        "ROC": 0.9575841620990458,
        "PR": 0.6828787993821686,
        "RAP09": 0.23482526057633354
      },
      {
        "w": 0.2,
        "ROC": 0.9589931035332003,
        "PR": 0.6904228530840882,
        "RAP09": 0.24831391784181484
      },
      {
        "w": 0.25,
        "ROC": 0.96021991611745,
        "PR": 0.6975744924147215,
        "RAP09": 0.25260576333537704
      },
      {
        "w": 0.30000000000000004,
        "ROC": 0.9612895010563274,
        "PR": 0.7039014033533486,
        "RAP09": 0.25383200490496627
      },
      {
        "w": 0.35000000000000003,
        "ROC": 0.962244113434694,
        "PR": 0.7097459902305756,
        "RAP09": 0.2654812998160638
      },
      {
        "w": 0.4,
        "ROC": 0.9630866331525748,
        "PR": 0.7152296736154505,
        "RAP09": 0.269773145309626
      },
      {
        "w": 0.45,
        "ROC": 0.9638288529040415,
        "PR": 0.7201539089092833,
        "RAP09": 0.272838749233599
      },
      {
        "w": 0.5,
        "ROC": 0.9644541387837726,
        "PR": 0.724596533525941,
        "RAP09": 0.2716125076640098
      },
      {
        "w": 0.55,
        "ROC": 0.9649878140506151,
        "PR": 0.7284563072632853,
        "RAP09": 0.26609442060085836
      },
      {
        "w": 0.6000000000000001,
        "ROC": 0.9654307228131975,
        "PR": 0.731877835235823,
        "RAP09": 0.2611894543225015
      },
      {
        "w": 0.65,
        "ROC": 0.9657920013060842,
        "PR": 0.734714555273903,
        "RAP09": 0.26486817903126914
      },
      {
        "w": 0.7000000000000001,
        "ROC": 0.966083839450936,
        "PR": 0.737192210758488,
        "RAP09": 0.2593500919681177
      },
      {
        "w": 0.75,
        "ROC": 0.9663075530641442,
        "PR": 0.7392473201706405,
        "RAP09": 0.26180257510729615
      },
      {
        "w": 0.8,
        "ROC": 0.9664497605412782,
        "PR": 0.7409308882084097,
        "RAP09": 0.2587369711833231
      },
      {
        "w": 0.8500000000000001,
        "ROC": 0.9665162216823899,
        "PR": 0.7420274435305149,
        "RAP09": 0.25996321275291234
      },
      {
        "w": 0.9,
        "ROC": 0.9664884902312797,
        "PR": 0.7422436480556367,
        "RAP09": 0.24954015941140403
      },
      {
        "w": 0.9500000000000001,
        "ROC": 0.9663606822542744,
        "PR": 0.7417675267013201,
        "RAP09": 0.23727774371551197
      },
      {
        "w": 1.0,
        "ROC": 0.9660620912403968,
        "PR": 0.7398693745445234,
        "RAP09": 0.22133660331085223
      }
    ]
  }
}