{
  "M2 mainline INDIV (calibrated)": {
    "ROC": {
      "mean": 0.9611502529444339,
      "ci_lo": 0.9566203804266199,
      "ci_hi": 0.9656198778350704
    },
    "PR-AUC": {
      "mean": 0.7230376506017702,
      "ci_lo": 0.7025408849095416,
      "ci_hi": 0.7440476955949855
    },
    "R@P09": {
      "mean": 0.17330350083502294,
      "ci_lo": 0.14233935696390462,
      "ci_hi": 0.3165269468107388
    }
  },
  "M2-FE+ INDIV": {
    "ROC": {
      "mean": 0.9659542066629088,
      "ci_lo": 0.9618158469433067,
      "ci_hi": 0.9695239352820858
    },
    "PR-AUC": {
      "mean": 0.7400949978319534,
      "ci_lo": 0.7177641926577626,
      "ci_hi": 0.76199951469853
    },
    "R@P09": {
      "mean": 0.2045191258389089,
      "ci_lo": 0.07747658245813228,
      "ci_hi": 0.3421461245048478
    }
  },
  "M2-FE+ + M2 mainline (50/50, headline по PR)": {
    "ROC": {
      "mean": 0.9688683521798097,
      "ci_lo": 0.9649609212867842,
      "ci_hi": 0.9721831753473631
    },
    "PR-AUC": {
      "mean": 0.7558289518673321,
      "ci_lo": 0.7357219614284962,
      "ci_hi": 0.7767463604936374
    },
    "R@P09": {
      "mean": 0.2696705099027532,
      "ci_lo": 0.17462447124471245,
      "ci_hi": 0.3606183301876071
    }
  },
  "M2-FE+ + M2 mainline (w=0.75, headline по R@P)": {
    "ROC": {
      "mean": 0.9677366302343212,
      "ci_lo": 0.9637466941369177,
      "ci_hi": 0.9711625021627532
    },
    "PR-AUC": {
      "mean": 0.7531254562011941,
      "ci_lo": 0.7327815903038364,
      "ci_hi": 0.7738966254423453
    },
    "R@P09": {
      "mean": 0.27263178924531895,
      "ci_lo": 0.16749242492885652,
      "ci_hi": 0.35622199433174223
    }
  }
}