{
  "B0_baseline_blend": {
    "metrics_eval": {
      "roc": 0.9652445654874907,
      "pr": 0.7383187092662344,
      "rap90": 0.184
    },
    "metrics_full": {
      "roc": 0.9570890673244625,
      "pr": 0.749481168474838,
      "rap90": 0.11544260176609951
    },
    "weights": {
      "diana_team": 0.35,
      "diana_calibrated": 0.0,
      "diana_3way": 0.0,
      "diana_best_ensemble": 0.0,
      "diana_no_te": 0.0,
      "soni_fusion": 0.3,
      "soni_e7": 0.0,
      "soni_e5": 0.0,
      "soni_e0_full": 0.0,
      "soni_e0_clean": 0.0,
      "karina_combined": 0.15,
      "albina_mmd_v4": 0.2
    }
  },
  "L1_logreg": {
    "best_C": 0.01,
    "metrics_eval": {
      "roc": 0.9615886502264588,
      "pr": 0.7400907444917423,
      "rap90": 0.21353846153846154
    },
    "metrics_full": {
      "roc": 0.9610009175566174,
      "pr": 0.7605694854245759,
      "rap90": 0.15981046737023477
    },
    "coefficients": {
      "diana_team": -0.1593082897737809,
      "diana_calibrated": 0.1293629600576143,
      "diana_3way": 0.47851801236661967,
      "diana_best_ensemble": -0.030687442726555627,
      "diana_no_te": 0.0349078840549129,
      "soni_fusion": 0.3161572953315134,
      "soni_e7": 0.32860982657403637,
      "soni_e5": 0.6633407055307803,
      "soni_e0_full": -0.4155777289102778,
      "soni_e0_clean": -0.44543143548634295,
      "karina_combined": 0.2792250301270554,
      "albina_mmd_v4": 0.6389741330090933
    },
    "intercept": -1.5120328530140348
  },
  "L2_catboost": {
    "metrics_eval": {
      "roc": 0.9627744921658865,
      "pr": 0.7327122210646527,
      "rap90": 0.009846153846153846
    },
    "metrics_full": {
      "roc": 0.9702344812031682,
      "pr": 0.7640783594822838,
      "rap90": 0.005169071720870127
    },
    "feature_importance": {
      "diana_team": 2.534252230439782,
      "diana_calibrated": 34.08214679321291,
      "diana_3way": 10.09176873045859,
      "diana_best_ensemble": 11.02729713395165,
      "diana_no_te": 2.841829327011901,
      "soni_fusion": 4.87203561265052,
      "soni_e7": 6.502145088745854,
      "soni_e5": 3.335983756879078,
      "soni_e0_full": 7.093240954079222,
      "soni_e0_clean": 4.618715732311039,
      "karina_combined": 2.8123775918005602,
      "albina_mmd_v4": 10.188207048458887
    }
  },
  "L3_convex_pr": {
    "metrics_eval": {
      "roc": 0.9632786850484227,
      "pr": 0.7383231739486559,
      "rap90": 0.16307692307692306
    },
    "metrics_full": {
      "roc": 0.9537340104716556,
      "pr": 0.7435930300889457,
      "rap90": 0.07796683178979108
    },
    "weights": {
      "diana_team": 0.08333333333333333,
      "diana_calibrated": 0.08333333333333333,
      "diana_3way": 0.08333333333333333,
      "diana_best_ensemble": 0.08333333333333333,
      "diana_no_te": 0.08333333333333333,
      "soni_fusion": 0.08333333333333333,
      "soni_e7": 0.08333333333333333,
      "soni_e5": 0.08333333333333333,
      "soni_e0_full": 0.08333333333333333,
      "soni_e0_clean": 0.08333333333333333,
      "karina_combined": 0.08333333333333333,
      "albina_mmd_v4": 0.08333333333333333
    },
    "converged": true
  },
  "L4_elasticnet": {
    "best_l1_ratio": 0.7,
    "metrics_eval": {
      "roc": 0.9595776834613894,
      "pr": 0.7357547810822931,
      "rap90": 0.1803076923076923
    },
    "metrics_full": {
      "roc": 0.9607904125818593,
      "pr": 0.7637494358155433,
      "rap90": 0.1479646780099074
    },
    "coefficients": {
      "diana_team": -0.3580363988876343,
      "diana_calibrated": 0.03490447252988815,
      "diana_3way": 0.8110138177871704,
      "diana_best_ensemble": 0.0,
      "diana_no_te": -0.06575431674718857,
      "soni_fusion": 0.06762073934078217,
      "soni_e7": 0.5631558299064636,
      "soni_e5": 1.1849485635757446,
      "soni_e0_full": -0.8683861494064331,
      "soni_e0_clean": -0.4909324049949646,
      "karina_combined": 0.2552758753299713,
      "albina_mmd_v4": 0.6821386814117432
    }
  }
}