{
  "L1 LR_vs_B0": {
    "pr": {
      "mean": 0.0019626521804207626,
      "ci_low": -0.006917990783682215,
      "ci_high": 0.010566059401847447,
      "p_pos": 0.679,
      "significant": false
    },
    "rap": {
      "mean": 0.026004923427780744,
      "ci_low": -0.06286856785352063,
      "ci_high": 0.12663432104395994,
      "p_pos": 0.757,
      "significant": false
    },
    "roc": {
      "mean": -0.003612067278617255,
      "ci_low": -0.006382217563494841,
      "ci_high": -0.0006540233028742516,
      "p_pos": 0.008,
      "significant": true
    }
  },
  "L2 CatBoost_vs_B0": {
    "pr": {
      "mean": -0.005654094614384141,
      "ci_low": -0.014944944618212608,
      "ci_high": 0.003436405588740744,
      "p_pos": 0.114,
      "significant": false
    },
    "rap": {
      "mean": -0.13579705384486954,
      "ci_low": -0.27036755276883984,
      "ci_high": 0.06005155351614333,
      "p_pos": 0.072,
      "significant": false
    },
    "roc": {
      "mean": -0.0024664446205089055,
      "ci_low": -0.004186878001965391,
      "ci_high": -0.0007559591697464818,
      "p_pos": 0.004,
      "significant": true
    }
  },
  "L3 convex_vs_B0": {
    "pr": {
      "mean": -6.268146196838365e-05,
      "ci_low": -0.0037711377217896384,
      "ci_high": 0.0038385375817409687,
      "p_pos": 0.477,
      "significant": false
    },
    "rap": {
      "mean": 0.022422806072887463,
      "ci_low": -0.054429109552469934,
      "ci_high": 0.10217365951010525,
      "p_pos": 0.689,
      "significant": false
    },
    "roc": {
      "mean": -0.001976224924218725,
      "ci_low": -0.0031838630101413356,
      "ci_high": -0.0007366034798850121,
      "p_pos": 0.001,
      "significant": true
    }
  },
  "L4 ElasticNet_vs_B0": {
    "pr": {
      "mean": -0.0022430657210722,
      "ci_low": -0.013082026211749467,
      "ci_high": 0.008652848892446932,
      "p_pos": 0.327,
      "significant": false
    },
    "rap": {
      "mean": 0.004646336890771237,
      "ci_low": -0.1402348573348183,
      "ci_high": 0.11848279644448483,
      "p_pos": 0.567,
      "significant": false
    },
    "roc": {
      "mean": -0.005641860601132203,
      "ci_low": -0.009068040939870212,
      "ci_high": -0.0020566458582331145,
      "p_pos": 0.0,
      "significant": true
    }
  },
  "L1_vs_M2_FE_plus": {
    "pr": {
      "mean": 0.021534907078756164,
      "ci_low": 0.009464782270391003,
      "ci_high": 0.03466957456105382,
      "p_pos": 1.0,
      "significant": true
    },
    "rap": {
      "mean": 0.029766347705261417,
      "ci_low": -0.06854961534800404,
      "ci_high": 0.13376326397853053,
      "p_pos": 0.704,
      "significant": false
    }
  },
  "L1_vs_Diana_best_ensemble": {
    "pr": {
      "mean": 0.011586546776563109,
      "ci_low": 0.00197067431494736,
      "ci_high": 0.020979900382738496,
      "p_pos": 0.989,
      "significant": true
    },
    "rap": {
      "mean": -0.004283659937878412,
      "ci_low": -0.09556319497341288,
      "ci_high": 0.09646292645037942,
      "p_pos": 0.464,
      "significant": false
    }
  }
}