{
  "seeds": [
    0,
    1,
    2,
    3,
    4,
    5,
    6,
    7,
    8,
    9
  ],
  "subsets": {
    "S2_headline_4": {
      "k": 4,
      "pr_mean": 0.7378579535264488,
      "pr_std": 0.028676411995213466,
      "pr_min": 0.7004787880892943,
      "pr_max": 0.7887534171552062,
      "rap_mean": 0.11465433456693766,
      "rap_std": 0.05305909411976321,
      "rap_min": 0.023213194868662187,
      "rap_max": 0.22170608108108109,
      "roc_mean": 0.956939158636571,
      "roc_std": 0.01076676788328921
    },
    "S4_decorrelated_6": {
      "k": 6,
      "pr_mean": 0.7200887826088779,
      "pr_std": 0.033845536948739305,
      "pr_min": 0.6618284672893971,
      "pr_max": 0.7650532742739583,
      "rap_mean": 0.11620368657959416,
      "rap_std": 0.07764833327375958,
      "rap_min": 0.0008631851532153647,
      "rap_max": 0.28927364864864863,
      "roc_mean": 0.9514478115385169,
      "roc_std": 0.011804971422175617
    },
    "S5_diana5_plus_3hl": {
      "k": 8,
      "pr_mean": 0.7228796050190038,
      "pr_std": 0.030392762084845554,
      "pr_min": 0.667988774679859,
      "pr_max": 0.7716007555528209,
      "rap_mean": 0.09460653221707459,
      "rap_std": 0.055207732089313385,
      "rap_min": 0.0,
      "rap_max": 0.18809318377911993,
      "roc_mean": 0.9557294395252095,
      "roc_std": 0.0104926504252125
    },
    "S6_all_12": {
      "k": 12,
      "pr_mean": 0.7309865433516156,
      "pr_std": 0.037581775329465,
      "pr_min": 0.6600209458581874,
      "pr_max": 0.7883484063063677,
      "rap_mean": 0.11762505054541075,
      "rap_std": 0.11367946449931668,
      "rap_min": 0.0,
      "rap_max": 0.3478581979320532,
      "roc_mean": 0.9560574381833898,
      "roc_std": 0.008743789026685336
    }
  }
}