{
  "expected_sizes": {
    "train": 144967,
    "val": 25904,
    "test": 26327
  },
  "got_sizes": {
    "train": 144967,
    "val": 25904,
    "test": 26327
  },
  "sizes_match": true,
  "features_full_count": 637,
  "tab_cols_count": 38,
  "m2_fe_plus_indiv": {
    "ROC": 0.9660620912403968,
    "PR": 0.7398693745445234,
    "RAP09": 0.22133660331085223
  },
  "m2_base_indiv": {
    "ROC": 0.950839187971472,
    "PR": 0.6527005505875405,
    "RAP09": 0.23298589822194973
  },
  "ensemble_50_50": {
    "ROC": 0.9644541387837725,
    "PR": 0.724596533525941,
    "RAP09": 0.2716125076640098
  },
  "best_pr_grid": {
    "w_fe_plus": 0.9000000000000002,
    "PR": 0.7422436480556367,
    "RAP09": 0.24954015941140403
  },
  "best_rap_grid": {
    "w_fe_plus": 0.4500000000000001,
    "PR": 0.7201539089092833,
    "RAP09": 0.272838749233599
  }
}